,iteration,best_fid,base_line_fid,in_range_fid
1,10000,-2.165516064382642e-10,1.0338854688080785,1.1394697861239347
1,10000,-2.165516064382642e-10,1.0198088722865688,1.154665184633691
