,iteration,best_fid,base_line_fid,in_range_fid
1,1252,-2.165516064382642e-10,1.1858107816903516,1.667007048037629
1,2504,-2.165516064382642e-10,1.1415403380320173,1.5077395038467647
1,3756,-2.165516064382642e-10,1.1063545928061795,1.3634962451683528
1,5008,-2.165516064382642e-10,1.1081917969046575,1.2664448604966032
1,6260,-2.165516064382642e-10,1.0689077061494048,1.2044164825435097
