,iteration,best_fid,base_line_fid,in_range_fid
1,1008,3.5297285927438082e-15,1.0751370120262738,1.413856731522512
1,2016,3.5297285927438082e-15,0.8401215559548509,1.3085350144052053
1,3024,3.5297285927438082e-15,0.7539487331727905,1.2806603450097878
1,4032,3.5297285927438082e-15,0.6347000445347302,1.2171489158317594
1,5040,3.5297285927438082e-15,0.6699482953221588,1.2141923135241692
1,6048,3.5297285927438082e-15,0.5896957123749614,1.1604240297383228
1,7056,3.5297285927438082e-15,0.6124128645241578,1.1904468672829323
