,iteration,best_fid,base_line_fid,in_range_fid
1,1128,-2.165516064382642e-10,1.6953715630627393,2.2391774286496107
1,2256,-2.165516064382642e-10,1.7004476023809283,2.240430818235169
1,3384,-2.165516064382642e-10,1.6964604988636747,2.239097499236197
1,4512,-2.165516064382642e-10,1.6653588354137128,2.211797359863252
1,5640,-2.165516064382642e-10,1.6680794450053633,2.2066777744346724
1,6768,-2.165516064382642e-10,1.6964533340336345,2.2357063992283845
