,iteration,best_fid,base_line_fid,in_range_fid
1,1252,3.5297285927438082e-15,0.8761990262970458,1.3241263064978914
1,2504,3.5297285927438082e-15,0.7059013696362976,1.2065969931777216
1,3756,3.5297285927438082e-15,0.5178139838514794,1.1347616026785863
1,5008,3.5297285927438082e-15,0.45730199785427866,1.1456184154769975
1,6260,3.5297285927438082e-15,0.47379364746991615,1.1449409194850932
