,iteration,best_fid,base_line_fid,in_range_fid
1,1252,-2.165516064382642e-10,1.1089368380434226,1.5291510773933648
1,2504,-2.165516064382642e-10,1.0600333285423074,1.3228336313590727
1,3756,-2.165516064382642e-10,1.0232067004989798,1.21051658325424
1,5008,-2.165516064382642e-10,0.9970693083634331,1.1529243848879136
1,6260,-2.165516064382642e-10,0.9740069400621313,1.1336331471213943
