,iteration,best_fid,base_line_fid,in_range_fid
1,1128,-2.165516064382642e-10,1.1504116362569612,1.641152110415049
1,2256,-2.165516064382642e-10,1.108556355954217,1.4914450594534854
1,3384,-2.165516064382642e-10,1.0582324688255755,1.3355506591635344
1,4512,-2.165516064382642e-10,1.056916567945453,1.241900052826719
1,5640,-2.165516064382642e-10,1.0901757735207087,1.2365311761295037
1,6768,-2.165516064382642e-10,1.0456302014309238,1.182149974490018
