,iteration,best_fid,base_line_fid,in_range_fid
1,1000,-2.165516064382642e-10,1.1659212405637662,1.6358725805947507
1,2000,-2.165516064382642e-10,1.1196034000741173,1.4725720760708068
1,3000,-2.165516064382642e-10,1.0820726477797233,1.336369496932723
1,4000,-2.165516064382642e-10,1.0617678197314784,1.2617204197306056
1,5000,-2.165516064382642e-10,1.043627558104368,1.2148910021585226
1,6000,-2.165516064382642e-10,1.0456804387792487,1.184592328467342
1,7000,-2.165516064382642e-10,1.0426471969076196,1.1620404687520816
