,iteration,best_fid,base_line_fid,in_range_fid
1,1095,-2.165516064382642e-10,1.161359836193577,1.5843735763792537
1,2190,-2.165516064382642e-10,1.1105012139760957,1.386317816743515
1,3285,-2.165516064382642e-10,1.0916418057001382,1.2697071846538912
1,4380,-2.165516064382642e-10,1.0905859395928132,1.229749114623954
1,5475,-2.165516064382642e-10,1.0686924482270295,1.1944140323771615
1,6570,-2.165516064382642e-10,1.0621382572618712,1.1559310294170504
