,in_range_mean,in_range_locvar,out_range_30_mean,out_range_30_std,out_range_90_mean,out_range_90_std
877,4.0778294,0.70769036,2.6637945,2.6637945,2.5161293,2.5161293
1972,5.325472,0.8529223,3.1081896,3.1081896,2.3260875,2.3260875
3067,5.592066,0.9525911,3.1183157,3.1183157,2.3538709,2.3538709
4162,5.932655,0.90649694,3.4857876,3.4857876,2.4838672,2.4838672
5257,6.543204,0.803337,4.0113616,4.0113616,2.6132686,2.6132686
6352,6.931858,0.7368082,4.4854493,4.4854493,2.8593774,2.8593774
