,iteration,best_fid,base_line_fid,in_range_fid
1,1000,3.5297285927438082e-15,1.098242002963057,1.4636705048806005
1,2000,3.5297285927438082e-15,0.8634107917373832,1.3682635178848073
1,3000,3.5297285927438082e-15,0.7263800553642528,1.2876422750220597
1,4000,3.5297285927438082e-15,0.7058731985540698,1.2716603943050182
1,5000,3.5297285927438082e-15,0.6181466058740699,1.226030263099927
1,6000,3.5297285927438082e-15,0.5472909033968902,1.1673121336246663
1,7000,3.5297285927438082e-15,0.5725482759510205,1.1796070132282503
