,iteration,best_fid,base_line_fid,in_range_fid
1,1034,-2.165516064382642e-10,1.1752047575051552,1.6157211218089926
1,2068,-2.165516064382642e-10,1.1062135466866638,1.3872476830550187
1,3102,-2.165516064382642e-10,1.088169071002869,1.2743493999735926
1,4136,-2.165516064382642e-10,1.0669949737538797,1.2035962888533467
1,5170,-2.165516064382642e-10,1.0651839918222676,1.1959667002918495
1,6204,-2.165516064382642e-10,1.0688126890302954,1.1844766897825039
