,iteration,best_fid,base_line_fid,in_range_fid
1,1000,-2.165516064382642e-10,1.6919682478121643,2.2345382710450044
1,2000,-2.165516064382642e-10,1.6780584562315135,2.2196492703548083
1,3000,-2.165516064382642e-10,1.6788122409575699,2.2173124844941303
1,4000,-2.165516064382642e-10,1.677396588420159,2.214208133158672
1,5000,-2.165516064382642e-10,1.6672118190373255,2.20626253044804
1,6000,-2.165516064382642e-10,1.6635656159445276,2.2035327215819906
1,7000,-2.165516064382642e-10,1.671643042931362,2.207506265257074
