,iteration,best_fid,base_line_fid,in_range_fid
1,1095,-2.165516064382642e-10,1.699747444797856,2.2413378281854346
