,iteration,best_fid,base_line_fid,in_range_fid
1,1008,-2.165516064382642e-10,1.1581307917333281,1.642883064106457
1,2016,-2.165516064382642e-10,1.1074830948429824,1.4823847693995096
1,3024,-2.165516064382642e-10,1.058206454820769,1.3734814121801868
1,4032,-2.165516064382642e-10,1.0529079989030241,1.3096433025680967
1,5040,-2.165516064382642e-10,1.038820085790607,1.2307925689261077
1,6048,-2.165516064382642e-10,1.0464896258371112,1.1970385105174084
1,7056,-2.165516064382642e-10,1.046677428033663,1.1810029811722766
