,iteration,best_fid,base_line_fid,in_range_fid
1,1000,-2.165516064382642e-10,1.1584430463454387,1.6069479499249326
1,2000,-2.165516064382642e-10,1.082741383647842,1.3927509836812721
1,3000,-2.165516064382642e-10,1.0732118683125347,1.266667328238507
1,4000,-2.165516064382642e-10,1.0465461267706828,1.1968159749658747
1,5000,-2.165516064382642e-10,1.0574876704758944,1.196640159968428
1,6000,-2.165516064382642e-10,1.0520024828576455,1.1878958628102982
1,7000,-2.165516064382642e-10,1.0392366083141227,1.1554700197066654
