,iteration,best_fid,base_line_fid,in_range_fid
1,1024,3.5297285927438082e-15,1.1008230835366464,1.4179063504698441
1,2048,3.5297285927438082e-15,0.8697654005748451,1.2888849024546631
1,3072,3.5297285927438082e-15,0.780944695975743,1.229537512059994
1,4096,3.5297285927438082e-15,0.697580630025503,1.1838910269456988
1,5120,3.5297285927438082e-15,0.712305538059254,1.1693160841611185
1,6144,3.5297285927438082e-15,0.6571883799674054,1.1804167705548863
