,iteration,best_fid,base_line_fid,in_range_fid
1,1128,3.5297285927438082e-15,0.9186908404062115,1.3501672114690888
1,2256,3.5297285927438082e-15,0.5968539324971485,1.2392952313033854
1,3384,3.5297285927438082e-15,0.5288085730654267,1.1863567905587078
1,4512,3.5297285927438082e-15,0.4449434897894664,1.1334228580011945
1,5640,3.5297285927438082e-15,0.5425084611304584,1.1275929221374863
1,6768,3.5297285927438082e-15,0.452141089194803,1.0911599286682774
