,iteration,best_fid,base_line_fid,in_range_fid
1,1095,3.5297285927438082e-15,0.9333706281284906,1.3713172516014027
1,2190,3.5297285927438082e-15,0.6783289274716593,1.2435152220598256
1,3285,3.5297285927438082e-15,0.5585057965473073,1.2092825399110396
1,4380,3.5297285927438082e-15,0.5448931314638396,1.1839681591086297
1,5475,3.5297285927438082e-15,0.4934674576199346,1.1559282081275122
1,6570,3.5297285927438082e-15,0.4874274571955471,1.1551227262239618
