,in_range_mean,in_range_locvar,out_range_30_mean,out_range_30_std,out_range_90_mean,out_range_90_std
753,4.082678,0.74380106,2.6566827,2.6566827,2.284555,2.284555
1693,5.314119,0.82231337,3.4363837,3.4363837,2.8253148,2.8253148
2633,5.7455754,0.77618724,3.8840923,3.8840923,3.0693107,3.0693107
3573,5.9015007,0.8914087,4.041844,4.041844,3.1146476,3.1146476
4513,6.187854,0.9100815,4.3188934,4.3188934,3.4287422,3.4287422
5453,6.587842,0.8527157,4.6178846,4.6178846,3.542527,3.542527
6393,6.17998,0.9444811,4.2540035,4.2540035,3.3762193,3.3762193
7333,6.403072,0.8569048,4.438361,4.438361,3.3259416,3.3259416
7897,6.7721434,0.711654,5.067153,5.067153,3.7627594,3.7627594
