,iteration,best_fid,base_line_fid,in_range_fid
1,1252,3.5297285927438082e-15,1.0275822185612764,1.4138596110754769
1,2504,3.5297285927438082e-15,0.8857270955099338,1.3243723388087467
1,3756,3.5297285927438082e-15,0.6494180353760441,1.2174422006584287
1,5008,3.5297285927438082e-15,0.5823806664516366,1.154079838997315
1,6260,3.5297285927438082e-15,0.5681009513721857,1.1839384305190692
