,iteration,best_fid,base_line_fid,in_range_fid
1,1252,-2.165516064382642e-10,1.6604132361989687,2.197481917154574
1,2504,-2.165516064382642e-10,1.680672664929424,2.2230898466897524
1,3756,-2.165516064382642e-10,1.6710815350120285,2.2143659143699295
1,5008,-2.165516064382642e-10,1.6828793634995884,2.226489822480624
1,6260,-2.165516064382642e-10,1.6546998482214867,2.1956396721562887
