,iteration,best_fid,base_line_fid,in_range_fid
1,1099,-2.165516064382642e-10,1.1563490402015324,1.5971067781980133
1,2198,-2.165516064382642e-10,1.0948071498919014,1.407936412294183
1,3297,-2.165516064382642e-10,1.0799774098854062,1.2826684512010917
1,4396,-2.165516064382642e-10,1.0757330363380992,1.2086187743310066
1,5495,-2.165516064382642e-10,1.0555125430381005,1.1758088566208809
1,6594,-2.165516064382642e-10,1.0409810397776418,1.1526192638374793
