,iteration,best_fid,base_line_fid,in_range_fid
1,1252,-2.165516064382642e-10,1.148522320938728,1.55601973969267
1,2504,-2.165516064382642e-10,1.093121900753422,1.3492460855839499
1,3756,-2.165516064382642e-10,1.0690473772014193,1.235488631714743
1,5008,-2.165516064382642e-10,1.0580160352723422,1.1940357881423005
1,6260,-2.165516064382642e-10,1.0489057963104955,1.1702089455915605
