,iteration,best_fid,base_line_fid,in_range_fid
1,1252,3.5297285927438082e-15,1.1386163682111488,1.5142021237556906
1,2504,3.5297285927438082e-15,0.7339240412064709,1.332890218511896
1,3756,3.5297285927438082e-15,0.5132091688527762,1.2485064685314302
1,5008,3.5297285927438082e-15,0.5230556700366125,1.195409249513442
1,6260,3.5297285927438082e-15,0.50808169764249,1.1473418092679504
