,iteration,best_fid,base_line_fid,in_range_fid
1,1000,3.5297285927438082e-15,0.9245914996462186,1.4267385735701903
1,2000,3.5297285927438082e-15,0.8128460247028325,1.3392897239082
1,3000,3.5297285927438082e-15,0.574638656786532,1.2404149111540654
1,4000,3.5297285927438082e-15,0.49127089543389113,1.1778983924500535
1,5000,3.5297285927438082e-15,0.524887291191747,1.1961589660319998
1,6000,3.5297285927438082e-15,0.4275528109339197,1.1181142842875198
1,7000,3.5297285927438082e-15,0.45751498319901585,1.148755712088706
