,iteration,best_fid,base_line_fid,in_range_fid
1,1128,3.5297285927438082e-15,0.9770766637895478,1.362533799692255
1,2256,3.5297285927438082e-15,0.7656875958564764,1.230954523373049
1,3384,3.5297285927438082e-15,0.7510483117005462,1.2143594024090223
1,4512,3.5297285927438082e-15,0.5633991002714975,1.1319874977650461
1,5640,3.5297285927438082e-15,0.5693221073621906,1.1299332765845373
1,6768,3.5297285927438082e-15,0.5258076737103835,1.099639931367882
