,iteration,best_fid,base_line_fid,in_range_fid
1,1252,3.5297285927438082e-15,0.8153120772891501,1.3819244268190514
1,2504,3.5297285927438082e-15,0.6922609776005535,1.2586688721618116
1,3756,3.5297285927438082e-15,0.6103652869638965,1.2623428462748119
1,5008,3.5297285927438082e-15,0.6022216430404042,1.2194519825426344
1,6260,3.5297285927438082e-15,0.5109830200985253,1.1408051562178214
