,iteration,best_fid,base_line_fid,in_range_fid
1,1252,-2.165516064382642e-10,1.0778291489765475,1.5552449858306794
1,2504,-2.165516064382642e-10,0.995721834035441,1.3814482508921229
1,3756,-2.165516064382642e-10,0.9660528616001676,1.252625757808908
1,5008,-2.165516064382642e-10,1.0293913962750185,1.290324293006713
1,6260,-2.165516064382642e-10,0.9262640179200428,1.1081193857405789
