,iteration,best_fid,base_line_fid,in_range_fid
1,1024,-2.165516064382642e-10,1.115015680192984,1.6148667999480715
1,2048,-2.165516064382642e-10,1.08333403878289,1.4885887134356308
1,3072,-2.165516064382642e-10,1.061212502186109,1.3856279095128055
1,4096,-2.165516064382642e-10,0.9990147698248575,1.27384576429766
1,5120,-2.165516064382642e-10,0.9849370386012404,1.239614144586831
1,6144,-2.165516064382642e-10,0.9810078780654703,1.1937084314386286
