,in_range_mean,in_range_locvar,out_range_30_mean,out_range_30_std,out_range_90_mean,out_range_90_std
1001,4.401931,0.9355172,2.0921645,2.0921645,1.9383924,1.9383924
2251,5.3337736,0.87291914,2.5983517,2.5983517,2.388229,2.388229
3501,6.05758,0.87091625,3.1247556,3.1247556,2.5959938,2.5959938
4751,5.74304,0.8551746,2.9795403,2.9795403,2.404518,2.404518
6001,6.1803465,0.78752196,3.450844,3.450844,2.3866284,2.3866284
7251,6.7013206,0.7408806,3.8609552,3.8609552,2.568419,2.568419
8251,6.7297554,0.76158834,3.944142,3.944142,2.5861173,2.5861173
