,in_range_mean,in_range_locvar,out_range_30_mean,out_range_30_std,out_range_90_mean,out_range_90_std
1129,4.913666,0.7005001,3.0888603,3.0888603,2.4104939,2.4104939
2539,5.4163585,0.86800736,3.562593,3.562593,2.7823162,2.7823162
3949,5.8672185,0.7656643,3.9575028,3.9575028,3.1655579,3.1655579
5359,6.2467637,0.7644059,4.3035936,4.3035936,3.4318109,3.4318109
6769,6.3323674,0.8098743,4.35555,4.35555,3.5248466,3.5248466
8179,6.803161,0.76129436,4.8073864,4.8073864,3.5687072,3.5687072
