,iteration,best_fid,base_line_fid,in_range_fid
1,1128,-2.165516064382642e-10,1.1457906829022382,1.5725369824490791
1,2256,-2.165516064382642e-10,1.110386675605651,1.3897161496224533
1,3384,-2.165516064382642e-10,1.1140610727533127,1.2759644054498567
1,4512,-2.165516064382642e-10,1.0641593681598458,1.2124604764031588
1,5640,-2.165516064382642e-10,1.0647586547834436,1.2119665413792091
1,6768,-2.165516064382642e-10,1.0535346680487294,1.19074153971609
