,in_range_mean,in_range_locvar,out_range_30_mean,out_range_30_std,out_range_90_mean,out_range_90_std
1253,4.7177725,0.9025744,3.3816123,3.3816123,2.955172,2.955172
2818,5.557806,0.8831862,4.0765595,4.0765595,3.2110085,3.2110085
4383,5.923482,0.8724787,4.0861325,4.0861325,3.1970062,3.1970062
5948,6.2840977,0.8086452,4.5473747,4.5473747,3.2995324,3.2995324
6574,6.775453,0.72561294,4.8845654,4.8845654,3.272328,3.272328
