,in_range_mean,in_range_locvar,out_range_30_mean,out_range_30_std,out_range_90_mean,out_range_90_std
629,3.4636014,0.7348198,2.181557,2.181557,1.8326994,1.8326994
1414,4.9212375,0.92958045,3.0368278,3.0368278,2.4436696,2.4436696
2199,5.064512,0.87614864,3.7220287,3.7220287,2.9201446,2.9201446
2984,5.953763,0.82331973,4.41579,4.41579,3.2982426,3.2982426
3769,5.945954,0.86652726,4.284797,4.284797,3.3435109,3.3435109
4554,5.8852215,0.8424526,4.4011908,4.4011908,3.4837024,3.4837024
5339,6.4837008,0.7105784,4.6413,4.6413,3.3738358,3.3738358
6124,6.5014787,0.7681724,4.7104607,4.7104607,3.4811726,3.4811726
6752,6.810558,0.7632067,4.9423585,4.9423585,3.647181,3.647181
