,iteration,best_fid,base_line_fid,in_range_fid
1,1099,3.5297285927438082e-15,0.9814065870049291,1.4021553040505268
1,2198,3.5297285927438082e-15,0.7561051622058246,1.2875154667456836
1,3297,3.5297285927438082e-15,0.6008090936652097,1.2244447329033734
1,4396,3.5297285927438082e-15,0.5099791002657883,1.1755394583441006
1,5495,3.5297285927438082e-15,0.5536882678920655,1.1857546320055694
1,6594,3.5297285927438082e-15,0.6397079338317122,1.248328561570262
