,iteration,best_fid,base_line_fid,in_range_fid
1,1034,3.5297285927438082e-15,0.9852111616753707,1.3859095916205415
1,2068,3.5297285927438082e-15,0.7134538868414645,1.2664128675661135
1,3102,3.5297285927438082e-15,0.6512670728619512,1.2102549855610643
1,4136,3.5297285927438082e-15,0.5265735555291284,1.1649279579228584
1,5170,3.5297285927438082e-15,0.5320513072838702,1.1611477028355934
1,6204,3.5297285927438082e-15,0.5171566735657183,1.14960983823027
