,iteration,best_fid,base_line_fid,in_range_fid
1,1252,-2.165516064382642e-10,1.1339864242592432,1.5695364885069198
1,2504,-2.165516064382642e-10,1.0770959252988401,1.3900955714914567
1,3756,-2.165516064382642e-10,1.0473028757387244,1.260299610624741
1,5008,-2.165516064382642e-10,1.0299103477335114,1.1855700261005395
1,6260,-2.165516064382642e-10,1.0274023004075121,1.1552364734898064
