,iteration,best_fid,base_line_fid,in_range_fid
1,1252,3.5297285927438082e-15,0.952470137487401,1.3274729290402698
1,2504,3.5297285927438082e-15,0.8465461534606228,1.2722267907212996
1,3756,3.5297285927438082e-15,0.7295293910403742,1.2024408272970013
1,5008,3.5297285927438082e-15,0.5509489910107133,1.1423574539854031
1,6260,3.5297285927438082e-15,0.5466062915467085,1.1158767654067785
